ADR25-adapter-kind-without-row	built	1	8
ADR25-model-move-without-progress-not-rerun	built	1	10
ADR26-O6-verify-executes	built	1	9
ADR26-close-ignores-unknown	built	1	9
ADR26-never-started-admits-updates	built	1	9
ADR27-F60-binds-from-observation	built	1	9
ADR27-N21-status-replacement-required	built	1	9
ADR27-N6-restore-target-unchecked	built	1	11
ADR27-accessor-reads-unrecorded-as-match	built	1	9
ADR27-rebind-unverified-at-admission	built	1	8
EP179-head-retry-count	built	1	9
F49-status-ignores-incarnation	built	1	256
F58-absence-proof-holds-no-data	built	1	16
F61-transfer-ignores-mounts	built	1	18
F63-deployment-correction-refused	built	1	14
F69-knative-ready-ignores-generation	built	1	9
G4-kubectl-refusal-ignored	built	1	13
G5-retire-deletes-terminating	built	1	10
G6-retire-exact-guard	built	1	13
G7-dsl-emits-spelling-as-written	built	1	17
G11-table-deployment-generation-spec-only	built	1	13
G11-controller-never-lags	built	1	8
G11-get-wakes-lagging-controller	built	1	9
G11-lands-failed-acted-only-on-jobs	built	1	7
M9-unready-update-landed-without-digest	built	1	10
EP181-delete-without-uid	built	1	11
EP181-stuck-ignores-observed-generation	built	1	10
EP181-model-correction-never-replaced	built	1	261
G11-lands-acted-only-on-its-own-write	built	1	10
G11-no-required-fields	built	1	6
ADR25-kind-row-claims-update	built	1	6
ADR25-model-no-takeover-exit	built	1	255
ADR26-U2-cdn-purge-settles-by-recovery	built	1	10
ADR26-close-keeps-retained-additions	built	1	10
ADR26-never-started-skips-absence	built	1	8
ADR27-F62-migration-source-unchecked	built	1	9
ADR27-N3-backup-source-unchecked	built	1	10
ADR27-N7-fence-skips-identity	built	1	10
ADR27-driver-drops-returned-identity	built	1	8
ADR27-runtime-ignores-returned-uid	built	1	11
EP179-restore-skips-adversary	built	1	10
F51-retention-proof-uses-observed	built	1	290
F58-admission-absence-recheck	built	1	10
F61-transfer-mark-ignores-owner	built	1	10
F66-create-over-foreign-object-settles-unknown	built	1	10
F70-deployment-ready-ignores-rollout	built	1	10
G4-runtime-refusal-ambiguous	built	1	9
G5-settle-ignores-terminating	built	1	10
G6-retire-stale-precondition	built	1	11
G7-no-milli-rounding	built	1	11
G11-table-resourcequota-no-churn	built	1	11
G11-statefulset-replaces-unready-pod	built	1	8
G11-foreign-object-not-acted	built	1	9
G11-controller-lag-never-acted	built	1	6
D-foreign-object-not-replanned	built	1	7
EP181-kind-row-without-replacement	built	1	7
EP181-stuck-ignores-pod-revision	built	1	11
F79-close-drops-unconfirmed-absence	built	1	10
B6-template-excuse-ignores-digest	built	1	10
ADR25-kind-row-deleted	built	1	6
ADR25-model-operator-reruns-once	built	1	6
ADR26-U2-vm-power-settles-by-recovery	built	1	10
ADR26-close-rebinds-incarnations	built	1	10
ADR26-refused-retry-counts-as-progress	built	1	257
ADR27-N1-replaced-retirement-unnamed	built	1	287
ADR27-N4-snapshot-source-unchecked	built	1	11
ADR27-N8-collection-unverified	built	1	10
ADR27-rebind-not-bound	built	1	9
ADR27-status-unrecorded-as-converged	built	1	10
F38-journal-head-retry-and-orphan-adoption	built	1	259
F52-status-compares-migrated-records	built	1	65
F58-admission-holds-no-data	built	1	9
F61-transfer-redoes-incomplete-copy	built	1	10
F67-settle-ignores-stamp	built	1	10
F72-unready-update-unsupported	built	1	10
G5-parser-ignores-deletion	built	1	9
G6-no-revision-retry	built	1	9
G6-runtime-guard-ignores-stamp	built	1	9
G7-resource-quantities-compare-exactly	built	1	9
G11-deployment-loses-available	built	1	11
G11-claim-never-held	built	1	7
G11-churn-always-churns-nothing	built	1	8
G11-churn-before-writes	built	1	6
EP181-complete-without-readiness	built	1	11
EP181-publication-reads-replacement-as-mutation	built	1	10
EP181-stuck-ignores-readiness	built	1	10
B2-excuses-do-not-compose	built	1	10
B7-i8-asks-adapter-for-verify	built	1	6
ADR25-model-check-reads-faulting-store	build-failed		2
ADR26-O1-kubernetes-settle-unknown	built	1	184
ADR26-attest-overrides-proof	built	1	10
ADR26-close-reverts-to-converged	built	1	8
ADR27-A52-writer-unchecked	built	1	13
ADR27-N12-restore-source-unpinned	built	1	12
ADR27-N5-signing-secret-unchecked	built	1	10
ADR27-N9-update-proof-accepts-replacement	built	1	10
ADR27-rebind-of-recorded-object	built	1	13
E13-create-manager-foreign	built	1	9
F49-ingestion-ignores-incarnation	built	1	287
F57b-journal-no-effect-refusal	built	1	9
F59-standalone-unstarted-creates	built	1	258
F63-correct-unready-statefulset	built	1	247
F68-update-over-foreign-object-settles-unknown	built	1	10
F73-awaiting-readiness-ignores-digest	built	1	10
G5-planning-reads-terminating-present	built	1	9
G6-repair-proves-by-stamp	built	1	10
G6-write-guard-compares-whole-state	built	1	9
G7-written-text-not-kept	built	1	10
G11-no-apply-conflicts	built	1	12
G11-outcome-per-write	built	1	8
G11-ledger-ignores-counts	built	1	7
M9-verify-guard-compares-resource-version	built	1	9
EP181-delete-at-reviewed-version	built	1	10
EP181-restart-ignores-stuck-pod	built	1	10
EP181-terminating-pod-no-effect	built	1	11
G11-lag-catch-up-before-write	built	1	10
G11-foreign-object-bare	built	1	6
