ADR25-adapter-kind-without-row	built	1	7
ADR25-model-move-without-progress-not-rerun	built	1	8
ADR26-O6-verify-executes	built	1	9
ADR26-close-ignores-unknown	built	1	8
ADR26-never-started-admits-updates	built	1	7
ADR27-F60-binds-from-observation	built	1	8
ADR27-N21-status-replacement-required	built	1	9
ADR27-N6-restore-target-unchecked	built	1	9
ADR27-accessor-reads-unrecorded-as-match	built	1	9
ADR27-rebind-unverified-at-admission	built	1	8
EP179-head-retry-count	built	1	8
F49-status-ignores-incarnation	built	1	219
F52-release-drops-every-retained-record	built	1	11
F81-close-accepts-incomplete-migration	built	1	9
F81-stage-refusal-ambiguous	built	1	11
F81-E3-retention-requires-source-incarnation	built	1	861
F57b-journal-no-effect-refusal	built	1	11
F59-standalone-unstarted-creates	built	1	222
F63-correct-unready-statefulset	built	1	224
F68-update-over-foreign-object-settles-unknown	built	1	9
F73-awaiting-readiness-ignores-digest	built	1	10
G5-planning-reads-terminating-present	built	1	8
G6-repair-proves-by-stamp	built	1	9
G6-write-guard-compares-whole-state	built	1	8
G7-written-text-not-kept	built	1	10
G11-no-apply-conflicts	built	1	11
G11-outcome-per-write	built	1	7
G11-ledger-ignores-counts	built	1	7
M9-verify-guard-compares-resource-version	built	1	8
EP181-delete-at-reviewed-version	built	1	9
EP181-restart-ignores-stuck-pod	built	1	9
EP181-terminating-pod-no-effect	built	1	10
G11-lag-catch-up-before-write	built	1	10
G11-foreign-object-bare	built	1	5
HOSTLOCK-mutable-payload-path	built	1	9
F87-retire-declared-database	built	1	7
HOST-armed-counts-as-old	built	1	8
F92-recovery-point-scan-oldest-first	built	1	8
ADR25-kind-row-claims-update	built	1	5
ADR25-model-no-takeover-exit	built	1	221
ADR26-U2-cdn-purge-settles-by-recovery	built	1	9
ADR26-close-keeps-retained-additions	built	1	8
ADR26-never-started-skips-absence	built	1	7
ADR27-F62-migration-source-unchecked	built	1	9
ADR27-N3-backup-source-unchecked	built	1	8
ADR27-N7-fence-skips-identity	built	1	9
ADR27-driver-drops-returned-identity	built	1	8
ADR27-runtime-ignores-returned-uid	built	1	9
EP179-restore-skips-adversary	built	1	9
F51-retention-proof-uses-observed	built	1	232
F52-convergence-observation-repeats-members	built	1	120
F81-close-ends-fenced-migration	built	1	9
F83-absences-unbound-at-admission	built	1	229
F81-abandon-cutoff-at-destination-writer	built	1	840
F58-absence-proof-holds-no-data	built	1	11
F61-transfer-ignores-mounts	built	1	13
F63-deployment-correction-refused	built	1	11
F69-knative-ready-ignores-generation	built	1	8
G4-kubectl-refusal-ignored	built	1	8
G5-retire-deletes-terminating	built	1	8
G6-retire-exact-guard	built	1	8
G7-dsl-emits-spelling-as-written	built	1	10
G11-table-deployment-generation-spec-only	built	1	11
G11-controller-never-lags	built	1	7
G11-get-wakes-lagging-controller	built	1	8
G11-lands-failed-acted-only-on-jobs	built	1	5
M9-unready-update-landed-without-digest	built	1	9
EP181-delete-without-uid	built	1	10
EP181-stuck-ignores-observed-generation	built	1	8
EP181-model-correction-never-replaced	built	1	216
G11-lands-acted-only-on-its-own-write	built	1	9
G11-no-required-fields	built	1	6
F86-postgres-major-unchecked	built	1	7
F87-retire-by-key-prefix	built	1	7
F88-in-sync-update-exact-state	built	1	8
ADR25-kind-row-deleted	built	1	5
ADR25-model-operator-reruns-once	built	1	6
ADR26-U2-vm-power-settles-by-recovery	built	1	9
ADR26-close-rebinds-incarnations	built	1	9
ADR26-refused-retry-counts-as-progress	built	1	223
ADR27-N1-replaced-retirement-unnamed	built	1	229
ADR27-N4-snapshot-source-unchecked	built	1	10
ADR27-N8-collection-unverified	built	1	9
ADR27-rebind-not-bound	built	1	8
ADR27-status-unrecorded-as-converged	built	1	10
F38-journal-head-retry-and-orphan-adoption	built	1	229
F52-status-compares-migrated-records	built	1	849
F80-generated-member-needs-packaged-source	built	1	10
F81-failed-transfer-ambiguous	built	1	12
F81-E2-release-ignores-record	built	1	823
ACCESS-retired-grant-unobservable	built	1	10
F58-admission-absence-recheck	built	1	9
F61-transfer-mark-ignores-owner	built	1	9
F66-create-over-foreign-object-settles-unknown	built	1	8
F70-deployment-ready-ignores-rollout	built	1	8
G4-runtime-refusal-ambiguous	built	1	8
G5-settle-ignores-terminating	built	1	9
G6-retire-stale-precondition	built	1	9
G7-no-milli-rounding	built	1	10
G11-table-resourcequota-no-churn	built	1	8
G11-statefulset-replaces-unready-pod	built	1	7
G11-foreign-object-not-acted	built	1	8
G11-controller-lag-never-acted	built	1	5
D-foreign-object-not-replanned	built	1	6
EP181-kind-row-without-replacement	built	1	6
EP181-stuck-ignores-pod-revision	built	1	9
F79-close-drops-unconfirmed-absence	built	1	9
B6-template-excuse-ignores-digest	built	1	8
HOSTLOCK-payload-path-unchecked	built	1	7
F86-restart-supplies-every-native	built	1	9
HOST-reverted-settles-unknown	built	1	8
F88-preflight-reason-dropped	built	1	8
ADR25-model-check-reads-faulting-store	build-failed		1
ADR26-O1-kubernetes-settle-unknown	built	1	164
ADR26-attest-overrides-proof	built	1	9
ADR26-close-reverts-to-converged	built	1	8
ADR27-A52-writer-unchecked	built	1	11
ADR27-N12-restore-source-unpinned	built	1	11
ADR27-N5-signing-secret-unchecked	built	1	9
ADR27-N9-update-proof-accepts-replacement	built	1	8
ADR27-rebind-of-recorded-object	built	1	9
E13-create-manager-foreign	built	1	9
F49-ingestion-ignores-incarnation	built	1	227
F52-migration-destination-not-established	built	1	40
F80-rebind-members-unbound-at-admission	built	1	11
F81-release-ignores-incarnation	built	1	13
F81-E2-no-release-after-close	built	1	860
ACCESS-live-grant-retired	built	1	8
F58-admission-holds-no-data	built	1	9
F61-transfer-redoes-incomplete-copy	built	1	9
F67-settle-ignores-stamp	built	1	9
F72-unready-update-unsupported	built	1	9
G5-parser-ignores-deletion	built	1	9
G6-no-revision-retry	built	1	8
G6-runtime-guard-ignores-stamp	built	1	9
G7-resource-quantities-compare-exactly	built	1	8
G11-deployment-loses-available	built	1	10
G11-claim-never-held	built	1	6
G11-churn-always-churns-nothing	built	1	8
G11-churn-before-writes	built	1	5
EP181-complete-without-readiness	built	1	10
EP181-publication-reads-replacement-as-mutation	built	1	9
EP181-stuck-ignores-readiness	built	1	9
B2-excuses-do-not-compose	built	1	9
B7-i8-asks-adapter-for-verify	built	1	5
HOSTLOCK-original-unchecked	built	1	8
F86-review-loader-decodes-replacement	built	1	8
HOST-reverted-retried	built	1	8
F90-transport-uses-path-nagarectl	built	1	9
